customer_id,name,city,join_date
2000,Thomas Davidson,South Jefferyfurt,2024-11-14
2001,Corey Rivera,New Aaron,2020-05-19
2002,Brenda Howell,Edwardview,2024-06-25
2003,Julie Mckinney,Sheilaview,2021-02-10
2004,John Robles,New Jenniferville,2022-05-03
2005,Tammy Jordan,West Abigail,2020-12-14
2006,David Roberts,Yvonneland,2023-09-04
2007,Henry Young,West Jared,2023-07-23
2008,Meghan Hart,Jameston,2023-12-19
2009,Elizabeth Ryan,Yatesstad,2022-10-06
2010,Marie Stone,Knoxmouth,2022-08-24
2011,Michelle Lee,New Andrew,2023-09-06
2012,Robert Brandt,Caitlinmouth,2021-09-16
2013,Kristin Henry,Hoffmanville,2020-12-10
2014,Jacqueline Reid,Port Madison,2020-04-28
2015,Scott Wood,Benjaminbury,2020-11-13
2016,Darryl Duran,New Kelly,2023-03-12
2017,Sarah Valdez,Clarkton,2022-03-02
2018,Jeremy Merritt,South Devin,2020-08-23
2019,Kelly Robinson,Dixonfurt,2021-08-26
2020,John Martinez,Sanfordfurt,2023-09-05
2021,Jacqueline Williams,Wrightborough,2024-10-24
2022,Noah Baker,Wilsonshire,2024-09-09
2023,Lisa Gomez,East Richard,2020-06-09
2024,Jorge Cox,East Jamesmouth,2024-08-06
2025,William Young,Troyburgh,2021-07-18
2026,Alec Jimenez,Ballardville,2020-04-30
2027,Kevin Kent,Johnburgh,2023-10-07
2028,Terry Moore Jr.,Lanceland,2020-08-01
2029,Brett Allen,Wernermouth,2024-04-20
2030,Misty Ibarra,Port David,2024-04-29
2031,Tammy Mitchell,Gregorymouth,2023-03-08
2032,Robert Roberts,Ashleyview,2021-03-12
2033,Theodore Ramirez,West Nicole,2024-09-26
2034,Amber Allen,Randallmouth,2024-07-18
2035,Jose Perez,New Davidland,2022-11-15
2036,Peter Maldonado,Lake Vincenttown,2021-01-26
2037,Penny Hawkins,North Christophermouth,2024-07-03
2038,David Valenzuela,Leblancshire,2024-04-24
2039,Jonathan Hicks,East Yvonneside,2022-04-29
2040,Lisa Torres,Jacquelineland,2021-01-16
2041,Thomas Hunter,Millerchester,2023-04-05
2042,Michael Fowler,Vanceberg,2021-02-18
2043,Jessica Barnes,West Cameron,2021-03-22
2044,Robin Curtis,Karenberg,2024-06-18
2045,Gina Vega,Lake Randy,2023-11-30
2046,Carrie Conway,Port Allisonshire,2021-06-27
2047,Mr. Robert Alvarez,Port Rachelmouth,2023-11-05
2048,Gerald Lowe,Williamsburgh,2020-08-22
2049,Haley Ryan,North Gabrielashire,2021-06-02
2050,Amy Rios,New Carolinemouth,2023-05-16
2051,Monique Perkins,East Sophia,2023-03-17
2052,Matthew Patel,South James,2024-12-19
2053,Brady Anderson,New Patriciashire,2025-03-30
2054,Randy Hensley,Matthewfurt,2022-08-22
2055,Nancy Rivera,Lake Daltonstad,2024-04-07
2056,Erik Bright,East Cynthiatown,2022-06-15
2057,Lynn Miller,Warrenshire,2023-06-26
2058,Brenda Massey,New Thomasshire,2025-02-13
2059,Caitlin Pierce,Cindymouth,2023-05-14
2060,Michelle Robinson,Martinezport,2021-07-18
2061,Marie Gentry,Georgechester,2021-12-27
2062,Timothy Sosa,Carrview,2022-11-09
2063,Diana Harper,Waltersmouth,2023-07-22
2064,Isaiah Graham,New Laurenview,2023-05-14
2065,Cheyenne Sharp,New Lori,2024-02-28
2066,Russell Leblanc,Lake Vickie,2025-02-26
2067,Stephen Spencer,Port Carolyn,2020-05-02
2068,Christina Green,Lake Paulhaven,2021-12-31
2069,Rebecca King,Lake Cheryl,2021-10-13
2070,Jason Blackburn,Lake James,2023-07-26
2071,Aaron Torres,Lake Micheleborough,2023-11-24
2072,Elizabeth Bell,Brianstad,2025-02-24
2073,Rachel Dillon,Lake Angelafurt,2024-06-15
2074,Charles Cunningham,Taylorport,2024-09-14
2075,Daisy Gillespie,Lake Michaelstad,2021-01-12
2076,Ronald Daugherty,Lyonsstad,2022-10-05
2077,Michael Wright,West Emily,2024-08-01
2078,Theodore Hall,East Krystalmouth,2023-01-15
2079,Timothy Duffy,Danielton,2024-08-05
2080,Scott Jackson,Marialand,2021-11-02
2081,Bryan Jackson,South Gerald,2021-09-30
2082,Pamela Johnson,East Jeffreyport,2024-06-08
2083,Alan Miller,Collinsmouth,2022-01-10
2084,Alyssa Clark,Heatherchester,2023-08-05
2085,Lawrence Harris,Jorgestad,2023-07-29
2086,Kelly Newman,Rodgersshire,2023-09-18
2087,Amanda Carter,Longmouth,2021-09-22
2088,Terri Medina,Garzaside,2024-03-20
2089,Hannah Cannon,Nataliefurt,2020-10-18
2090,Tammy Chung,South Courtneystad,2021-07-21
2091,Laura Dawson,Lake Leroy,2024-09-05
2092,Karen Andrade,Port Desiree,2025-03-10
2093,Gregory Garza,Alvarezburgh,2022-10-19
2094,Megan Carr,Andrewhaven,2022-06-27
2095,Gregory Lyons,North Reneetown,2021-07-13
2096,Benjamin Cole,Annamouth,2023-05-05
2097,Meghan Smith,South Vincentfurt,2020-08-26
2098,Melissa Holland,Nathanport,2022-10-26
2099,Daniel Russell,Peterchester,2024-07-21
2100,Mrs. Stephanie Garcia,Sarahport,2023-10-02
2101,Jaime Roberts,Randymouth,2022-03-17
2102,Michael Blackwell,Port Patrick,2021-06-17
2103,Barry Hill,Castromouth,2024-08-04
2104,Brandon Johnson,Port James,2022-07-31
2105,Brian Garcia,Salinasfurt,2020-09-02
2106,Wendy Schmidt,Adamston,2024-04-01
2107,William Ortega,Port Zachary,2020-10-18
2108,Timothy Mcpherson,Fordland,2023-06-04
2109,Brian Moore,Lake Rogerborough,2023-04-28
2110,Robin Mckinney,Edwardsside,2023-07-25
2111,Lisa Hawkins,New Derrickberg,2022-03-04
2112,Mr. Andrew Robertson,Lake Angela,2020-05-04
2113,Brandon Roy,Hoffmanborough,2022-10-26
2114,Robert Alvarez,New Kristie,2024-10-01
2115,Scott Mccormick,Michaelmouth,2021-06-30
2116,Amy Griffin,Nelsonmouth,2021-05-05
2117,Miguel Benson,Port Cassie,2024-02-22
2118,Sarah Lucas,New Audreyberg,2024-10-12
2119,Lori Warner,Greggside,2024-12-25
2120,Javier Lopez,Angelatown,2021-12-05
2121,Courtney Keller,Hartmanport,2023-07-05
2122,Nicole Banks,Montoyaburgh,2020-07-14
2123,James Gordon,Bryanview,2022-04-05
2124,Jason Guzman,Mendozafurt,2025-02-11
2125,Matthew Salas,Sotohaven,2022-01-06
2126,Melissa Kelley,Michaelville,2025-01-24
2127,Elizabeth Knight,Lake Jefferyfort,2024-07-20
2128,Samantha Keller,Lambmouth,2020-04-22
2129,Felicia Hernandez,Port Michaelberg,2023-01-14
2130,Melissa Miller,Lake Anthonyburgh,2024-03-28
2131,Andrea Parsons,South Andrew,2021-01-28
2132,Megan Chavez,Port Williamland,2022-08-09
2133,Marie Schultz,New Jonathan,2024-04-21
2134,Andrew Taylor,Marilynhaven,2021-08-06
2135,Richard Stevenson,Josephton,2024-03-10
2136,Angela Martinez,East Adamtown,2021-09-03
2137,Mark Watts,West Ryanburgh,2024-04-15
2138,Derek Le,Drakeshire,2023-06-14
2139,Michael Watson,Port Laurenton,2024-06-03
2140,Michele Schroeder,Kathleentown,2023-03-14
2141,Andrew Jacobs,Erikatown,2022-01-07
2142,Lorraine Thomas,North Gregorymouth,2023-04-26
2143,William Carrillo,South William,2024-10-06
2144,Danielle Green,East Ronald,2023-08-04
2145,Lisa Baker,Donaldville,2023-12-14
2146,Kevin Brown,North Melissahaven,2020-11-13
2147,Vanessa Johnson,Stacyfurt,2024-02-29
2148,Abigail Pierce,West Latoya,2022-09-15
2149,Edward Mccann,West Stephanieburgh,2024-04-02
2150,Courtney Rasmussen,Millermouth,2024-06-17
2151,Brenda Quinn,Lake Wesleyborough,2021-08-24
2152,Larry Banks,Blakeview,2023-06-28
2153,Dr. Steven Sherman,Nataliefort,2022-04-14
2154,Christopher Kirk,Susanberg,2023-10-18
2155,Theresa Clark,South Paul,2024-07-11
2156,Margaret Tucker,New Jessica,2020-05-05
2157,Renee Parker,East Joanna,2023-12-29
2158,Philip Butler,New Adam,2024-05-06
2159,Robert Mccarty,Mitchellmouth,2023-03-14
2160,Ian James,Port Thomas,2022-12-17
2161,Karen Paul,Keithport,2024-06-09
2162,Jeffrey Taylor,Richardsonland,2023-06-02
2163,James Evans,New Jasontown,2023-12-27
2164,Jason Walker,Port Jennifer,2022-08-06
2165,Holly Armstrong DDS,Peterstown,2020-05-08
2166,Benjamin Hughes,West Davidview,2024-02-26
2167,Steven Klein,New Angelaport,2023-05-12
2168,Brittany Jones,South Brandibury,2021-09-22
2169,Marcus Baird,Carloston,2022-09-09
2170,John Edwards,Lindseystad,2023-06-22
2171,Jennifer Hughes,Jameston,2020-08-27
2172,Christina Pope,Christianland,2022-09-21
2173,Katie Chase,Hayesfurt,2023-05-22
2174,Benjamin Clark,Jeffreychester,2020-12-08
2175,Gregory Galvan,Davidfort,2020-08-08
2176,Kenneth Rosales,West Debramouth,2024-06-02
2177,Destiny Ochoa,Davisfurt,2021-10-16
2178,Doris Thompson,New Matthewmouth,2022-11-25
2179,Janet Moore,South Christopher,2021-06-27
2180,Jacob Craig,South Elainestad,2023-12-21
2181,Dr. Megan Bennett,North Julieview,2024-07-26
2182,Rachael Harper,East Douglas,2022-12-12
2183,Aimee Rivera,West Jeffborough,2022-07-26
2184,Crystal Gonzalez,Gonzalezberg,2023-12-30
2185,Nicholas Griffith,New Heidi,2023-07-15
2186,Michael Williams,Williamsonfort,2024-07-31
2187,Mary Hicks,Matthewshaven,2023-10-28
2188,Christine Montgomery,Carolynport,2020-07-19
2189,Donna Allison,East Joannaborough,2024-12-03
2190,Peter Gibbs,Davidborough,2021-05-28
2191,Madison Smith,Williamhaven,2020-09-23
2192,Mary Mosley,West Edwardmouth,2024-11-16
2193,Jeffrey Becker,Port Kristinberg,2022-09-25
2194,Philip Anderson,South Susan,2023-01-04
2195,Dillon Alvarado,East Scottstad,2022-06-16
2196,Heather Tran,Port Sheila,2023-04-17
2197,Julie Khan,Kimberlyhaven,2024-05-08
2198,Devon Mendoza,Morganfort,2024-07-05
2199,Stacey Shields,North Deanna,2020-09-18
2200,Stephanie Lang,Martintown,2020-07-27
2201,Jordan Richardson,Jennifertown,2020-06-05
2202,Brian Hawkins,Brianhaven,2022-06-10
2203,Danielle Macias,Davidfurt,2023-11-15
2204,Heather Estrada,East Rebeccaborough,2023-03-27
2205,Jacob Garza,Tracyborough,2022-09-11
2206,Frank Young,Browntown,2021-01-08
2207,Ryan Ross,Jamesmouth,2023-04-14
2208,Donna Page,North Amy,2023-12-09
2209,Ashley Williams,South Courtney,2023-06-20
2210,Kristin Hensley,Fletcherberg,2024-04-04
2211,Kathleen Lucas,Barryside,2022-10-28
2212,Barbara Craig,Toddmouth,2022-07-29
2213,John Hernandez,Sarahland,2023-06-10
2214,Samantha Myers,Tammiestad,2021-10-26
2215,Dalton Padilla,Port James,2023-03-26
2216,Derrick Gross,New Kathleen,2023-09-29
2217,Christine Anderson,Johnmouth,2020-09-26
2218,Robert Rivera,East Annahaven,2021-03-19
2219,Mark Juarez,Shelbyside,2024-08-16
2220,Travis Moore Jr.,Port Timothy,2021-09-12
2221,Stephanie Andrews,Port Conniefurt,2023-05-19
2222,Danielle Miller,East Jodyside,2021-03-06
2223,Patricia Blevins,Lake James,2024-08-07
2224,Ryan Gutierrez,Chavezside,2023-08-01
2225,Elizabeth Walsh,West Christopher,2024-02-21
2226,Lauren Bailey,South Alexandershire,2022-10-05
2227,Jamie Miller,Lake Lisa,2022-10-31
2228,Edward Heath,Lake Tonyport,2024-07-11
2229,Linda Swanson,Paulfort,2021-10-30
2230,Allen Mcdonald,Ibarrahaven,2020-05-22
2231,Pamela Perez,Lake Tanya,2023-12-02
2232,John Orozco,North Victoria,2021-10-06
2233,Diane Wright,Contrerasside,2020-12-19
2234,Miss Breanna Wilkinson,New Kara,2023-06-04
2235,Heather Hudson,South Mariah,2020-05-12
2236,Mark Green,North Stephen,2024-11-26
2237,Ashley Mullins,Chapmanburgh,2023-11-06
2238,Daniel Hamilton,Robertsfort,2020-09-18
2239,Emily Frost,Port Summer,2021-05-02
2240,Debra Barber,New Brenttown,2022-10-26
2241,Victor Townsend,Jordanton,2023-08-15
2242,Tina Cruz,New Brendanside,2022-09-17
2243,Gregory Moore,Sherryview,2021-11-06
2244,Chelsea Hernandez,Andersonside,2020-04-26
2245,Alicia Wallace,Seanburgh,2020-07-29
2246,Alexander Wade,East Miguelview,2023-07-12
2247,Curtis Johnson,Port Lisashire,2024-03-19
2248,Jordan Salazar,New Jessica,2022-08-19
2249,Mary Stanley,Morrisstad,2021-07-31
2250,Wayne Dennis,West Michaelburgh,2023-07-27
2251,Omar Bailey,Lake Michaelmouth,2021-03-03
2252,Jesse Walsh,Lopeztown,2023-08-05
2253,Paige Rios,Riosstad,2022-05-29
2254,Christopher Byrd,New Tinaburgh,2020-08-27
2255,Donald Murray,South Ronald,2024-04-20
2256,Nancy Snyder,Josephfort,2023-01-08
2257,Tammy Duran,Barneshaven,2020-09-17
2258,Jennifer Cook,East Anthonyfurt,2020-07-08
2259,Stephen Mercado,Lake Cheryl,2023-05-11
2260,Crystal Miller,North Tiffany,2022-04-14
2261,David Torres,Ethanchester,2021-10-08
2262,Dana Olson,Jacksonchester,2023-06-11
2263,Joseph Haas,East Frank,2021-09-27
2264,Jonathan Martin,Katieville,2023-03-30
2265,Melissa Gonzales,Amandamouth,2022-01-28
2266,Elizabeth Austin,Port Jonathan,2023-04-01
2267,Jacqueline Torres,Shawnhaven,2023-06-21
2268,Sarah Camacho,Wardborough,2024-04-18
2269,Rachel Stevenson,Karenburgh,2023-04-26
2270,James Bailey,New Todd,2024-10-21
2271,Chad Price,South Jessica,2021-07-20
2272,Stephanie Kirby,North Daltonberg,2021-04-20
2273,Deborah Martinez,Riggsshire,2021-12-26
2274,Brandy Adams,Jamesview,2023-08-12
2275,Billy Saunders,Martinborough,2022-11-13
2276,Jeff Smith,Port Annette,2023-05-04
2277,Kevin Clay,Melissaborough,2025-01-30
2278,Ashley Jones,Martinborough,2023-02-04
2279,Haley Olson,East Kimberlymouth,2020-05-27
2280,Joshua Rivera Jr.,Port Teresa,2022-05-23
2281,Christine Duran,Lake Stanley,2024-10-30
2282,Colin Peterson,Tiffanyside,2024-11-14
2283,Richard Moore,South John,2020-08-09
2284,Christian Jordan,Ericview,2022-04-30
2285,Ann Ortiz,Johnsonhaven,2020-08-05
2286,Harold Stephens,New Cody,2021-05-09
2287,Daniel Lee,West Ashleytown,2020-04-20
2288,Julie Clark,South Latoyamouth,2022-10-15
2289,Paula Mayo,East Jeromestad,2021-07-03
2290,Nicole Foster,Ricktown,2025-03-04
2291,William Tran,Estradafort,2022-02-15
2292,Angel Bass,North Robertburgh,2021-08-23
2293,Dr. Ricky Gilbert,Lake Natalie,2025-01-01
2294,Jamie Davila,West Mariaville,2020-04-13
2295,James Lyons,Bergton,2021-03-27
2296,William Ryan,Lisaborough,2023-04-16
2297,Brad Haas,West Lindatown,2024-08-23
2298,Danielle Nelson,Jordantown,2023-02-21
2299,Robert Baker,New Pamela,2024-03-22
2300,Chad Gibson,Brittanyhaven,2021-02-26
2301,Lori Farley,Cassandrashire,2020-10-02
2302,Ricky Carroll,Beverlyfort,2022-10-24
2303,Denise Vazquez,Salazarfurt,2024-04-03
2304,Anna Johnson,West Richard,2020-08-08
2305,Robert Yu,Lynnfort,2024-03-08
2306,Beth Anderson,South Williammouth,2023-06-11
2307,Matthew Baxter,Dodsonshire,2020-10-12
2308,Rebecca Burch,Ianbury,2020-12-20
2309,David Bonilla,West James,2022-04-28
2310,Jennifer Wood,Barrettburgh,2024-07-05
2311,Larry Martinez,New Julie,2021-02-13
2312,Laura Reid,South Michelleshire,2020-11-28
2313,Brandon Wright,South Ryanborough,2021-02-17
2314,Jose Pratt,Reynoldsfurt,2023-08-05
2315,Danny Morales,Lauratown,2021-07-21
2316,Brandon Travis,Port William,2023-04-15
2317,Daniel Wood,Williamview,2021-01-16
2318,Alexander Larson,Lake Kevinland,2023-01-09
2319,Derrick Perez,Lake Nicolehaven,2021-05-21
2320,Cassandra Hanson,South Beverly,2021-07-23
2321,James Fisher,Sarahtown,2023-04-19
2322,Aaron Love,East Erica,2020-09-11
2323,Gregory Wallace,Christinamouth,2023-10-22
2324,Heather Vasquez,South Pamela,2022-01-18
2325,Gary Ochoa,Cynthiamouth,2022-02-17
2326,Matthew Sandoval,Lake Carlos,2021-09-06
2327,Patricia Sanders,West Jay,2023-04-12
2328,Maurice Saunders,Lake David,2020-08-31
2329,Helen Holt,Thompsonhaven,2022-08-09
2330,Timothy Gonzales,South Kevintown,2023-02-07
2331,Charles Mitchell,Port Daniel,2024-08-30
2332,Christopher White,South Hannah,2022-05-23
2333,Erik Hudson,Lake Jamesfort,2021-05-08
2334,Steven Nelson,South Kathleenfurt,2023-03-05
2335,Christina Weiss,Millerhaven,2021-08-04
2336,Alexandra Edwards,North Derek,2025-01-17
2337,Lori Hill,Markview,2022-09-09
2338,Michele Adams,South Olivia,2023-10-15
2339,Lee Lopez,North Phillip,2025-01-17
2340,Kelly Martinez,Kimberlyton,2024-08-13
2341,Tyler Gillespie,Leslieborough,2020-04-17
2342,Jeffrey Mccarty,Lake Diane,2022-06-23
2343,Bruce Brown,Powellmouth,2023-06-21
2344,Collin Ward MD,Mckenzietown,2024-07-18
2345,Brian Montgomery,Markside,2023-05-21
2346,Ricky Norris,North John,2024-04-13
2347,Brandon Christian,Clarktown,2021-03-20
2348,Carl Payne,Port Yolanda,2023-09-25
2349,Madison Rodgers,East Billyshire,2021-02-04
2350,Willie Morris,Jessicafort,2020-06-19
2351,Mary Chapman,Johnsonchester,2021-04-23
2352,Jamie Black,Collinville,2022-05-17
2353,Anthony Smith,East Jo,2022-02-12
2354,Brett Edwards,North Alejandro,2020-05-02
2355,Kyle Carney,Evansport,2023-10-14
2356,Katherine Tran,South Adrianaland,2020-08-08
2357,Levi Walsh,Nixonberg,2021-06-16
2358,Anthony Ruiz,East Donnatown,2024-06-28
2359,Melissa White,New Mariaview,2025-01-11
2360,Patrick Blevins,North Lisa,2020-04-25
2361,Nathan Casey,North Lisa,2023-11-15
2362,Raymond Hayes,West Ruben,2024-11-24
2363,Debbie Frey,Port Samuel,2020-12-18
2364,Kristopher Morgan,Justinbury,2024-05-24
2365,Shelby Jackson,East Victor,2023-02-16
2366,Julie Peters,Hernandezbury,2021-11-03
2367,Ryan Bishop,Port Justinview,2020-08-23
2368,Dana Barber,South Elizabeth,2024-03-05
2369,Madison Miller,New Amyview,2023-06-02
2370,Christopher Everett,Debbieborough,2022-07-05
2371,Kelly Long,Brooksview,2024-08-11
2372,Jose Adams,Princehaven,2022-11-22
2373,Rebecca Spears,East Barbara,2024-08-06
2374,Melinda Garcia,North Brandybury,2022-12-07
2375,Victor Alvarez,East Allison,2020-10-13
2376,Ethan Crosby,South Christieshire,2022-09-09
2377,Ray Barrett,Jamesfurt,2023-02-06
2378,Richard Serrano,Faithport,2023-04-07
2379,James Ayala,Donaldshire,2024-10-22
2380,Stephen Gray,Michellestad,2023-06-18
2381,Emily Joseph,Patriciafort,2024-10-27
2382,Michelle Snow,Port Allenton,2021-01-17
2383,Brian Garcia,Veronicaland,2022-11-27
2384,Daniel Porter,Port Ashleyside,2021-11-21
2385,Shane Stokes,Thompsonview,2022-11-23
2386,Michael Thomas,Port Dylanburgh,2021-10-01
2387,Kimberly Kim,West Billy,2020-08-11
2388,Brandon Bell,South Dale,2024-09-14
2389,Timothy Hall,New Emmaport,2024-11-18
2390,Timothy Guzman,West Lori,2024-04-30
2391,Michael Lopez Jr.,Toddview,2024-08-15
2392,Anna Sutton,East Timothyshire,2022-01-23
2393,John Thomas,Melissatown,2020-08-05
2394,Ryan Dominguez,East Angelport,2021-12-20
2395,Laura Golden,Riveraberg,2024-07-04
2396,Tiffany Jones,New Deannafurt,2022-05-13
2397,Emily Mitchell,Paigetown,2024-09-03
2398,Michael Smith,Jonesside,2021-04-14
2399,Patricia Parker,Hallmouth,2023-04-12
2400,Michael Dyer,North Christine,2023-12-04
2401,Michael Santos,Wangburgh,2021-07-31
2402,Ashley Blake,Swansonfurt,2022-01-11
2403,Juan Bryant,Lake David,2022-01-25
2404,Natasha Porter,Stephanieberg,2022-05-25
2405,Alexandra Alvarez,Nicolemouth,2023-02-05
2406,Sherry Fernandez,Richardsborough,2023-12-01
2407,Stephanie Osborn,Stevenmouth,2022-06-06
2408,Lori Evans,Howardchester,2024-02-19
2409,Amy Bates,Cherylview,2024-01-28
2410,Veronica Byrd,Walshstad,2021-09-07
2411,Gary Morris,Lake Stephanie,2024-10-02
2412,Spencer Wade,South Chelseafort,2024-06-18
2413,Nancy Brown,Hardybury,2024-11-16
2414,Logan Gentry,Lake Reginaberg,2020-08-12
2415,Julie White,Powellfurt,2021-07-21
2416,Aaron Weber,South Tiffanyfort,2020-04-08
2417,Peter Francis,Julieburgh,2022-05-20
2418,Meagan Carey,Holtshire,2023-03-31
2419,Felicia Barnes,Perezmouth,2020-09-17
2420,Judith Kim,Beckfort,2024-11-26
2421,Kristin Newton,South Gilbert,2020-09-15
2422,Lisa Jones,Collinsland,2021-06-10
2423,Angela Marks,Robertside,2024-02-12
2424,Mariah Velasquez,Jamesbury,2022-12-03
2425,Terry Walker,North Joshua,2023-07-17
2426,Shelly Nguyen,West Lawrence,2021-06-06
2427,William Kaufman,Deleonport,2022-10-25
2428,Elaine Perez,Georgestad,2024-08-29
2429,David Wilson,South Jacquelinemouth,2023-10-18
2430,James White,Lake Jessica,2020-08-18
2431,Brian Vincent,North Jessica,2021-05-24
2432,Phillip Sparks,West Teresaview,2024-04-07
2433,Jennifer Hughes,Brookebury,2021-12-08
2434,Dr. Larry Wiley,East Kevin,2023-07-03
2435,Amber Morris,Anthonyfurt,2021-10-06
2436,Kevin Hodges,Zimmermanfort,2023-04-01
2437,Natasha Michael,North Rebecca,2024-06-09
2438,Vanessa Kennedy,Nancyborough,2023-08-05
2439,Rebecca Gonzalez,West Holly,2021-02-16
2440,Matthew Maddox,Washingtonton,2020-05-17
2441,Matthew Wolf,South Seth,2020-11-25
2442,Heather James,Lake Derrickshire,2022-05-02
2443,Madison Luna,West Melissa,2023-10-15
2444,Daniel Torres,Lewisport,2022-12-31
2445,John Martin,South Kelseyton,2021-07-07
2446,Samantha Vargas,Smithchester,2023-02-09
2447,Austin King,Lake Scottburgh,2023-04-07
2448,Matthew Davis,Port Kimberlyborough,2022-12-25
2449,Brian Martin,Briannafurt,2025-01-04
2450,Jeremy Ortega,Port Lisa,2021-05-03
2451,Jennifer Ballard,Smithmouth,2022-12-12
2452,Sonya Gordon,Irwinberg,2020-12-11
2453,Jeremy Moore,Stewarttown,2020-11-24
2454,Robert Foster,Reginastad,2020-07-18
2455,Kiara Steele,Maysburgh,2024-08-01
2456,Brittany Parsons,Lopezstad,2025-03-17
2457,Charles Durham,Mcneilberg,2024-05-01
2458,Jody Benson,West Karen,2025-03-08
2459,Christina Taylor,Henrystad,2024-03-23
2460,Jerome Kelley,Port Hannahside,2024-04-02
2461,Keith Hayes,New Veronica,2023-11-15
2462,Misty Carlson,Port Jameston,2024-02-10
2463,Sherry Ramos,North Ashley,2023-07-09
2464,Melissa Bowers,Pattyton,2022-09-16
2465,Lauren Padilla,North Debbie,2024-12-16
2466,Michael Mcdonald,Davisville,2022-01-07
2467,David Pineda,New Randalltown,2021-12-18
2468,Kevin Jennings,West Garyborough,2024-02-09
2469,Kimberly Wilkerson,Marvinville,2024-03-16
2470,Michael Carney,Port Jeffreychester,2023-05-06
2471,Dustin Carpenter,Sheenashire,2023-12-02
2472,Allison Rivera,Courtneyville,2020-06-03
2473,Samuel Graves,North Tracystad,2024-05-13
2474,Vanessa Coffey,West Emily,2022-03-07
2475,Tiffany Stevens,Markland,2022-03-14
2476,Beth Schwartz,South Justin,2024-10-24
2477,Dr. Stephanie Ray,Ericburgh,2022-07-17
2478,Ryan Hernandez,North Kimberlyburgh,2024-10-24
2479,Lindsay Buckley,Lake Alexanderport,2022-04-08
2480,John Kramer,Rodriguezfurt,2021-03-04
2481,James Foley,Christophertown,2024-03-11
2482,Sarah Jones,Lake Alyssa,2021-07-15
2483,Monica Kelly,Angelahaven,2022-11-20
2484,Victoria Davis,North Ashleybury,2022-03-05
2485,Kenneth Davis,Westfurt,2024-01-05
2486,Thomas Griffith,Port Martin,2020-10-13
2487,Ricky Patterson,Richardsonview,2022-10-07
2488,Margaret Clark,South Cathychester,2020-12-18
2489,Taylor Mooney,East Alex,2021-01-13
2490,Nicole Romero,Timothytown,2024-11-21
2491,Monica Meadows,South Feliciamouth,2020-06-24
2492,Christopher Butler,Deleonberg,2021-09-06
2493,Tracy Shaw,Port Karen,2022-08-10
2494,Morgan Freeman,Butlerfurt,2023-01-21
2495,Ruth Monroe,West Jonathanfurt,2020-09-19
2496,Michael Jimenez,West Bradley,2024-06-19
2497,William Barrett,Martinburgh,2021-12-31
2498,Elizabeth Smith,Doyletown,2020-07-09
2499,Stephen Jones,North Kevin,2023-05-18
2500,Elizabeth Wright,South Paula,2024-04-09
2501,Alejandra Jones,North Mathewmouth,2020-04-03
2502,Melanie Miranda,Patrickside,2023-09-04
2503,Nancy Miller,Christopherport,2020-06-20
2504,Linda Johns,Julieside,2022-03-20
2505,David Ortiz,Brianberg,2021-08-09
2506,Elaine Castro,Lake Garrett,2023-01-28
2507,Bailey Ware,Schmidtchester,2022-01-02
2508,Brandon Weaver,Kaitlynmouth,2020-08-13
2509,Alicia Watson,South Kimberlyburgh,2022-12-12
2510,Randy Luna,South Rachelhaven,2024-09-19
2511,Joe Alexander,West Alex,2023-08-27
2512,Jake Lowe,New Amberville,2024-11-18
2513,William King,Stevensonside,2023-06-25
2514,Taylor Bowers,Kleinberg,2022-02-04
2515,Deborah Steele,Lake Larryburgh,2022-01-26
2516,Joshua Kelley,East Johnbury,2023-03-03
2517,Nicholas Miller,Brownhaven,2024-07-02
2518,Zachary Owen,New Jennifer,2024-11-01
2519,Raven Bender,New Kaylabury,2021-10-11
2520,John Adams,North Angela,2022-01-24
2521,Robert Lewis,New Rachelfort,2022-02-17
2522,Kristine Wilson,South Garystad,2022-02-28
2523,Ashley Clark,East Amy,2024-06-12
2524,Angela James,West Nicole,2022-04-16
2525,Brandon Williams,Nicolestad,2022-08-11
2526,Vicki Armstrong,West David,2025-01-16
2527,Katherine Smith,South Peter,2023-11-02
2528,Matthew Ramirez,Jennachester,2021-07-20
2529,Aaron Figueroa,Poncetown,2024-09-11
2530,Brandon White,Lake Lisa,2022-02-27
2531,Michelle Lyons,North Robin,2024-08-28
2532,Sarah Jenkins,Josephmouth,2024-01-31
2533,Joseph Perez,Hickmanfort,2024-08-19
2534,Anna Dixon,East Stephanieborough,2024-08-10
2535,Jill Adams DDS,Yolandaport,2025-01-14
2536,Brenda Hernandez MD,Bergerfurt,2022-10-26
2537,Cynthia White,Davisville,2020-11-16
2538,Sheila Hernandez,Jeffreymouth,2022-06-04
2539,Victoria Wyatt,Jessicashire,2022-01-27
2540,Sabrina Jones,Hughesside,2023-01-29
2541,Thomas Jimenez,Tinaton,2022-08-05
2542,Ryan Mcdowell,North Patricialand,2022-09-02
2543,David Cisneros,New Chelsea,2022-04-14
2544,Teresa Montoya,East Monicabury,2023-12-05
2545,Ryan Gonzalez,Lake Adamhaven,2024-12-18
2546,Terry Harris,Armstrongville,2021-11-15
2547,Felicia Stephens,Port Karen,2023-10-30
2548,Lauren Banks MD,Port Randy,2022-02-10
2549,Karen Stevens DDS,Riceburgh,2024-01-05
2550,Daniel Moss,South Douglas,2021-07-02
2551,Ryan Novak,West Shirley,2025-02-17
2552,Douglas Kennedy,South Jeffreyland,2023-12-13
2553,Joshua Oneal,Wilsonchester,2021-11-12
2554,Natalie Hall,Harrismouth,2023-07-05
2555,Joy Erickson,Carpentertown,2021-08-24
2556,Donna Mcdonald,Port Angela,2023-12-16
2557,Katherine Johnson,Sharonton,2023-11-01
2558,Catherine Thompson,Josehaven,2020-12-20
2559,Alyssa Taylor,New Charles,2023-06-26
2560,Nathan Castillo,Wrighttown,2022-08-19
2561,Breanna Davies,North Steven,2020-09-10
2562,Susan Henderson,South Vanessaberg,2022-08-02
2563,Charles Smith,South Matthew,2024-06-13
2564,Caroline Wilson,North Sharonborough,2020-10-28
2565,Hannah Parker,Christinamouth,2021-10-04
2566,Patricia Hicks,New Jessica,2021-06-11
2567,Chris Whitney,Kimberlyside,2020-08-23
2568,Javier Delgado,South Jesse,2022-12-08
2569,Gary Torres,Colemanberg,2024-10-07
2570,Matthew Madden,North Danielville,2024-08-14
2571,Joshua Warren,Ricardochester,2020-11-23
2572,Katherine Wagner,Port Lisa,2020-10-23
2573,Maria Watts,Nortonmouth,2020-12-29
2574,John Steele,Lake Angela,2023-07-12
2575,Samantha Baker,Port Carlaland,2020-07-11
2576,Kaitlyn Smith,Amberville,2021-11-10
2577,Kevin Mills,Lake Katherineport,2020-08-28
2578,Parker Rasmussen,Lake Seanchester,2022-11-08
2579,Phillip Wilson,Port Jennifer,2021-05-17
2580,Jennifer Harper,Sarahport,2021-12-21
2581,Kelsey Snyder,North Angela,2020-08-07
2582,Amy Wilson,Port Sydneymouth,2022-01-31
2583,Matthew Mullen,Lake Juliaport,2024-05-06
2584,Joshua Lopez,New Linda,2024-10-09
2585,Thomas Hooper,Goodmanmouth,2023-04-09
2586,Destiny Matthews,Wardstad,2024-04-09
2587,Jordan Faulkner,Carpentertown,2021-12-03
2588,Patricia Patterson,Michaelbury,2022-11-19
2589,Timothy Ramos,Lake Nicholasmouth,2023-08-26
2590,Melinda Jones,New Elizabethfort,2024-07-23
2591,Kenneth Anderson,North Amanda,2023-07-28
2592,Blake Franklin,Melodyview,2020-09-08
2593,Amber Owen,Port Laura,2021-03-19
2594,Brittany Johnson,Hollyberg,2023-04-25
2595,Miss Victoria Willis,New Kimberly,2024-12-22
2596,Wesley Hartman,Freemanstad,2023-01-21
2597,Megan Howe,South Richard,2022-10-07
2598,Brian Rangel,Williamsburgh,2020-09-23
2599,Robin Jones,Williamhaven,2020-11-07
2600,Daniel Martinez,Autumntown,2024-09-18
2601,Sharon Bishop,Port Brianfurt,2022-10-22
2602,James West,New Karlaland,2021-12-11
2603,April Pace,Lake Michaelport,2020-05-04
2604,Gregory Schmitt,Lake Darleneside,2025-02-14
2605,Jacqueline Reeves,West Maryview,2023-11-27
2606,Dr. Jack Bell,North Felicia,2023-12-06
2607,Allison Scott,New Michael,2020-07-25
2608,Debra Miller,Port Robertmouth,2021-07-22
2609,Ruth Williams,East Philliptown,2020-05-07
2610,Benjamin Finley,New David,2022-07-16
2611,John Hall,Christinemouth,2024-12-03
2612,Taylor Lewis,Rileystad,2022-04-14
2613,Brittany Gregory,Lake Lori,2020-10-09
2614,Joseph Harper,Port Tracey,2020-09-07
2615,James Castro,Lake Angela,2023-05-17
2616,Anthony West,Lake Ginafurt,2022-03-02
2617,Kimberly Hicks MD,Bryanchester,2024-09-11
2618,Isaac Baker,Michaelport,2021-03-12
2619,Debra Fernandez,Byrdton,2020-08-28
2620,Mr. Keith James,West Kevinburgh,2024-08-25
2621,Tracie Torres,South Nicholasport,2024-01-25
2622,Mandy Gordon,North Sierraberg,2023-05-10
2623,Cameron Bowers,East Maryside,2023-11-05
2624,Sheri Houston,Kylemouth,2022-06-21
2625,Marcus Phillips,South Sandrachester,2023-06-12
2626,Alice Taylor,Williamfort,2023-12-18
2627,Jennifer Harvey,Autumnside,2022-04-11
2628,Kayla Jennings,Elliottside,2022-10-21
2629,Bradley Jones,East Monique,2021-01-06
2630,Jessica Gregory,Port Jasonstad,2023-10-23
2631,Gary Zuniga,Ericashire,2024-02-12
2632,Teresa Hernandez,Smithview,2024-04-29
2633,Robin Young MD,West Nancy,2024-02-16
2634,Robert Garcia,Jesuschester,2024-07-15
2635,Jessica Lewis,Combsshire,2021-04-09
2636,William Farmer,Port Kennethland,2023-05-06
2637,David Reynolds,Port Sylviamouth,2022-09-30
2638,Heather Holmes,New Mario,2025-03-10
2639,Stephanie Walters,Joanmouth,2021-07-17
2640,Brenda Garcia,New Jeannehaven,2022-08-16
2641,Nancy Figueroa,Richmondside,2020-05-24
2642,Luke Cox,North James,2024-08-03
2643,Anthony Lowe,West Jeanettefort,2024-06-27
2644,Michael Jimenez,East Emma,2022-03-02
2645,Natalie Herrera,South Georgestad,2020-06-23
2646,Thomas Williams,Vernonhaven,2024-10-18
2647,Travis Edwards,Adamville,2023-04-16
2648,Molly Walters,New Anthony,2024-12-04
2649,Connie Rodriguez,Bridgetborough,2022-02-22
2650,Jeffrey Freeman III,North Dale,2023-12-07
2651,Calvin Evans,Juliaborough,2023-05-09
2652,Katherine Peterson,Lake Debra,2023-05-04
2653,Robert Curtis,Cynthiamouth,2023-03-30
2654,Kevin Brooks,Lake Amandamouth,2022-05-15
2655,Bradley Riggs,Johnathantown,2021-09-19
2656,Rhonda Mcguire,South Todd,2024-04-14
2657,John Thomas,Stevenfurt,2021-11-20
2658,Keith Herrera,South David,2023-09-01
2659,Shelia Shields,Harrisland,2022-11-28
2660,Michael Morgan,South Pam,2021-01-04
2661,Jenna Smith,Cheryltown,2025-02-18
2662,Cory King,New Michael,2024-07-04
2663,Jonathan Lopez,West Katelyn,2024-09-18
2664,Brenda Williams,North Hayden,2020-12-11
2665,Tiffany Williamson,South Matthew,2024-09-06
2666,Paul Lara,West Katherinehaven,2023-10-07
2667,Michael Arellano,Stephensview,2022-04-07
2668,Tammy Morgan DDS,New Williamburgh,2024-06-22
2669,Jose Mullen,South Matthew,2022-02-20
2670,Kimberly Brooks,New Andrew,2024-08-04
2671,Marcus Taylor,Colebury,2021-09-16
2672,Bryan Morgan,Oliverton,2021-04-04
2673,Jennifer Cox,Paulville,2022-09-23
2674,Robin Riddle,Port Mikayla,2024-10-30
2675,Jamie Espinoza,Alexishaven,2022-01-27
2676,Eugene Santiago,Hernandezmouth,2023-09-24
2677,Jason King,Brittanyton,2024-11-02
2678,Chelsea Fischer,Romeroland,2020-10-06
2679,Timothy Mitchell,North Diane,2021-04-07
2680,Makayla Miller,Josephfort,2023-01-21
2681,Michael Bryant,Annechester,2022-09-24
2682,Ms. Valerie Martin,Evanport,2023-05-12
2683,Lisa Trevino,New Sherry,2021-03-27
2684,Tammy Jacobs,West Christopher,2020-05-12
2685,Scott Aguilar,Brownmouth,2023-01-10
2686,Alison Watts,Alvarezfurt,2023-10-30
2687,William Rodriguez,Laceyland,2023-03-24
2688,Kristin Alvarez,Sandersmouth,2022-08-10
2689,Jack Salazar,Hayesstad,2021-09-06
2690,Brian Pruitt,North Seanville,2020-12-11
2691,Samantha Murphy,West Michaelport,2023-02-10
2692,Tamara Hayden,Cameronhaven,2023-07-16
2693,Marissa Yates,Valdezside,2023-02-28
2694,James Robinson,West Karen,2021-09-08
2695,Haley Garcia,West Brian,2022-04-17
2696,Michael Lloyd,South Lisa,2021-06-02
2697,Hector Fields,South Joshua,2023-02-18
2698,James Anderson,Sandyport,2021-09-17
2699,Sean Koch,Josefurt,2020-12-06
2700,Justin Dickerson,Kimberlyfort,2023-10-02
2701,Tanya Porter,East Nicholasfurt,2022-06-29
2702,Madeline Hines,Bradleymouth,2023-01-09
2703,Shawn Wilson,East Emily,2023-07-06
2704,Vanessa Osborne,East Caroline,2021-09-26
2705,Juan Baker,Michaelton,2020-11-07
2706,Brianna Flores,New Patrickland,2021-11-27
2707,Edward Beard,New Ronald,2023-01-27
2708,Chloe Mccormick,Christinefurt,2021-08-29
2709,Maureen Rogers,Olivermouth,2023-02-23
2710,Danielle Mclean,Marshfurt,2021-08-07
2711,Emily Sherman,Mitchellchester,2022-08-17
2712,Jennifer Campbell,Port Jonathanberg,2021-08-09
2713,Steven Haynes,Jenniferstad,2025-02-15
2714,Jeffery Hopkins,Williamsside,2023-02-10
2715,Barry Garrett,New Cynthia,2020-09-21
2716,Ariana Ryan,West Tonyaville,2025-03-29
2717,Melody Crosby,South Raymond,2021-07-07
2718,Patricia Long,East George,2024-07-24
2719,Jeremy Christian,Marshville,2022-12-29
2720,Russell Stark,Brandonmouth,2021-12-16
2721,Karina Brooks,Port Kathleen,2021-04-29
2722,Elizabeth Carter,Port Heather,2022-01-09
2723,Willie Bradford,North Joshua,2023-09-08
2724,Vanessa Lopez,Tammieville,2023-09-08
2725,April Avila,Rachaelchester,2021-03-18
2726,Tyler Spencer,Teresatown,2024-07-11
2727,Kaitlyn Garza,East Richardfurt,2021-09-22
2728,Monica Austin,Lisashire,2025-01-14
2729,Carrie Singleton,Kevinshire,2021-06-15
2730,Ross Wilson,Lake Tammy,2022-09-19
2731,Jacob Mathis,Fordshire,2023-07-19
2732,Chelsea Collins,Morrischester,2023-05-23
2733,Katherine Welch,Johnburgh,2024-06-17
2734,Traci Warren,New Derrickborough,2022-06-01
2735,Christine Fernandez,Kaylaville,2021-11-15
2736,Jeffery Bird,Hardystad,2024-10-05
2737,Candice Cruz,Lake Randychester,2021-12-19
2738,Barbara Massey,Port Christine,2020-05-31
2739,Brandon Huff,New Hannah,2022-05-05
2740,Virginia Webster,East Douglas,2023-08-19
2741,Lindsay Ortega,Garciaberg,2020-06-09
2742,Sabrina Parks,Wilsonton,2021-08-25
2743,Kelly Nunez,Port Kathrynstad,2022-06-06
2744,Beth Brown,Lake Jamesfort,2022-04-01
2745,Jeanette Hays,Smithmouth,2022-01-27
2746,Evan Huber,Brianport,2022-06-05
2747,Kimberly Randolph,New Rick,2024-06-07
2748,Albert Walsh,North Stephanieberg,2023-05-16
2749,Christina Myers,Thomasview,2024-09-03
2750,Michael Conner,West Bradley,2022-10-08
2751,Stacy Perez,Port Joshua,2021-07-09
2752,Christopher Craig,East Katherinefurt,2022-09-10
2753,Renee Ramos,West Brian,2022-12-28
2754,Andrea Harris,Leemouth,2021-03-02
2755,Stephanie Richardson,Hessberg,2021-09-12
2756,Steven Brown,Lopezbury,2022-02-12
2757,Dean Taylor,Dianeton,2020-07-14
2758,Ricky Morris,Christopherside,2024-07-03
2759,Regina Carney,Owensshire,2024-02-18
2760,Brittany Parsons,Rodriguezberg,2023-06-07
2761,Colton Gillespie,West Annton,2023-02-02
2762,Christina Delacruz,Robertsonmouth,2024-05-20
2763,Michelle Schneider,East Davidfurt,2021-11-11
2764,Corey Howard,South Brianmouth,2022-07-19
2765,Mary Ward,South Leslie,2020-10-16
2766,Mitchell Benson,West Justinbury,2020-06-09
2767,Stephanie Hardy,Jacobstad,2023-10-10
2768,Gina Castaneda,Rachelmouth,2024-07-15
2769,Lance Garrett,Taylorport,2022-06-08
2770,Alexis Bryan,Oconnellborough,2022-08-25
2771,Matthew Carr,North Erinshire,2022-05-03
2772,Timothy Campbell,North Tara,2022-11-14
2773,Jennifer Martinez,New William,2021-09-17
2774,Jill Smith,Port Amyland,2021-01-29
2775,Laura Martinez,Port David,2021-12-16
2776,Yolanda Stephens,North Ericmouth,2024-04-02
2777,Erica Taylor,Karashire,2022-10-03
2778,Dylan Haynes,East Lisafort,2023-08-26
2779,Virginia Rodriguez,Anthonyhaven,2025-03-31
2780,Daniel Carpenter,New Ryanstad,2021-03-21
2781,Michael Jones,East Nicholasberg,2022-12-20
2782,Carlos Ramos,Meyerchester,2024-11-16
2783,Jill Patel,Jonesburgh,2023-01-26
2784,Kristin Avery,Lake Taylorton,2020-08-06
2785,Albert Reynolds,Jasonfurt,2022-11-06
2786,Jason Hunt,Lake Abigailton,2023-08-08
2787,Kelly Ayala,Johnmouth,2020-08-30
2788,Jennifer Vincent,Brandonberg,2025-02-11
2789,Sharon Hall,Lake Michael,2023-07-24
2790,Destiny Washington,North Benjaminhaven,2024-05-19
2791,Veronica Atkins,West Jeffrey,2021-07-10
2792,Jason Gordon,Bergmouth,2021-09-21
2793,Madison Patel,Rickyburgh,2023-12-02
2794,Jaime Lara,Davisbury,2021-06-29
2795,Paul Mccoy,East Lisa,2024-07-15
2796,Patrick Bell,Thorntonland,2020-04-08
2797,Mikayla Mills,Port David,2020-04-05
2798,Katherine Heath,Thompsonmouth,2021-09-21
2799,Lindsay James,West Albertville,2020-10-02
2800,Cynthia Wood,Richardland,2023-03-11
2801,Joseph Brown,Johnstonchester,2023-03-11
2802,Jeffery Stephens,New Lisaview,2021-06-15
2803,Erin Rogers,Cynthialand,2020-04-21
2804,Yolanda Hernandez,New Heather,2023-04-02
2805,Eddie Anderson,Alexandrastad,2023-09-27
2806,Jonathan Gutierrez,New Patricktown,2023-11-02
2807,Dennis Francis,South Jamesburgh,2024-10-22
2808,Sherri Robinson,Samuelberg,2020-12-15
2809,April Cohen,Lake William,2022-08-21
2810,William Peterson,Port Marieville,2020-04-07
2811,Christina Romero,Elizabethfort,2022-06-15
2812,Julie Anderson,South Sarah,2022-01-17
2813,Laura Hall,Roberttown,2021-04-15
2814,Natalie Graves,West Stephenton,2020-11-15
2815,Linda Price,West Jenniferburgh,2024-10-05
2816,Vanessa Brown,Port Taylor,2024-08-27
2817,Donald Garcia,South Sheilaport,2020-11-17
2818,James Flores,West Brittany,2022-02-15
2819,Kristi Barrett,Moraland,2022-08-02
2820,Noah Jordan,Amyview,2021-06-14
2821,Bryan Lynch,East David,2020-09-24
2822,Haley Curtis,South Angela,2023-03-16
2823,Julie Palmer,North Michaelborough,2024-02-20
2824,Jeremy Carter MD,West Davidtown,2021-10-18
2825,Gerald Fuentes,Martinezton,2024-01-18
2826,Eric Pacheco,West Daniel,2023-10-19
2827,Edwin Santos,Jacquelinehaven,2024-08-10
2828,Derek Hunter,Cochranfurt,2023-06-30
2829,Jacob Marsh,Fisherport,2021-03-25
2830,Eric Martin,West Joseph,2021-07-10
2831,Tiffany Tyler,Brianton,2021-12-29
2832,Andrea Hickman,East Chadborough,2022-09-26
2833,Richard Fletcher,Codyton,2024-01-15
2834,Dawn Osborn,Stricklandchester,2024-08-07
2835,Richard Best,West Shirley,2022-06-16
2836,Nicholas Burnett,Gonzalezburgh,2021-10-07
2837,Courtney Parsons,South Jennifer,2023-06-01
2838,William Bailey,Whitakerberg,2024-08-21
2839,Tiffany Boyd,Robertchester,2021-12-16
2840,Crystal Sullivan,Lake Nicoleton,2024-03-26
2841,Elizabeth Mitchell,Port James,2023-09-15
2842,Robert Mccall,West Luis,2021-02-16
2843,Paige Nolan,Lindachester,2021-04-07
2844,Hannah Freeman,Joshuaside,2024-03-15
2845,Ashley Curry,East John,2020-05-28
2846,Thomas Jenkins,Millerstad,2022-04-11
2847,Vanessa Cherry,New Phillipmouth,2023-11-02
2848,Daniel Daniels,Keymouth,2021-02-27
2849,Willie Lee,Martinport,2020-09-27
2850,Corey Kennedy,East Jared,2023-04-30
2851,Jessica Mathis,Careyborough,2020-11-15
2852,Alan Andersen,Callahanton,2020-08-15
2853,Sherry Lane,North Jessica,2024-05-24
2854,Dr. Shelby Williams,Donnamouth,2021-10-20
2855,Garrett Adams,South Aliciahaven,2023-05-20
2856,Robert Walker,West Scotthaven,2023-04-26
2857,Edward Hughes,Lake Jeanette,2021-03-23
2858,Christopher Gibbs,North Brett,2020-08-05
2859,Richard Thompson,West Deannamouth,2022-10-14
2860,Kimberly Williams,Deannafort,2023-10-28
2861,Sara Vasquez,Susanburgh,2022-02-06
2862,Charles Nichols,Cathyhaven,2022-02-06
2863,Matthew Sanchez,New Robert,2025-02-03
2864,Kimberly Joseph,Samanthafurt,2024-05-06
2865,Scott Daugherty,South Curtisborough,2020-10-14
2866,Brianna Lee,New Taylorview,2024-02-24
2867,Nathan Gonzalez,South Kiara,2022-08-03
2868,Jose Bryant,Lopezview,2022-06-25
2869,Eric Pitts,Daleburgh,2022-04-27
2870,Victoria Bryant,New Zoe,2025-02-23
2871,Jillian Lewis,Andrewchester,2023-12-18
2872,Matthew Booker,West David,2020-11-08
2873,Jessica Norris,South Vernonhaven,2025-01-23
2874,Amanda Orr,East Yvonnemouth,2023-08-18
2875,Aaron Bell,South Jillianside,2020-12-09
2876,Ariel Mendoza,West Dawntown,2023-07-29
2877,Erica Martin,South Kristinastad,2022-08-21
2878,Janet Hughes,Rivasbury,2024-01-26
2879,Daniel Lopez,Rachelshire,2020-12-30
2880,Kim Snyder,Howardside,2022-07-06
2881,Amanda Cannon,Lanetown,2020-09-29
2882,Melissa James,Lake Ann,2025-02-27
2883,Jennifer Cortez,Luisfort,2021-10-14
2884,Lance Edwards,Malloryfort,2025-02-10
2885,Eddie Holland,New Rebeccaberg,2022-07-20
2886,Vicki Garcia,North Andrew,2023-05-23
2887,Jennifer Jimenez,East Daniel,2024-09-05
2888,Jennifer Ross,Port Nicole,2023-06-29
2889,Krista Price,Gilbertside,2020-04-22
2890,Larry Sanders,East Oscarchester,2023-07-23
2891,Michael Obrien,Mccallborough,2024-07-18
2892,Christopher Doyle,Port Tracy,2020-08-29
2893,Tyler White,Johnsonchester,2020-04-20
2894,Dylan Jimenez,Adamside,2022-09-21
2895,Jared Torres,Brittanyburgh,2021-08-02
2896,Joshua Craig,Craigview,2022-05-03
2897,Melanie Hebert,Lake Penny,2021-04-19
2898,Martin Marshall,Lake Becky,2022-10-18
2899,Kim Vance,Port Ellenport,2023-12-15
2900,Desiree Burgess,South Heather,2021-11-23
2901,Mike Hernandez,Douglasberg,2025-03-29
2902,James King,North Michael,2020-11-09
2903,Caitlin Jones,Blackshire,2023-09-25
2904,Christopher Rodriguez,New Mollyhaven,2023-10-04
2905,Ryan Walker,Derekstad,2020-05-09
2906,Bonnie Thomas,Smithfort,2021-06-06
2907,Daniel Clark,Jasonberg,2022-03-18
2908,Gregory Mcmillan,East Megan,2025-03-09
2909,Michael Carr,Adamsside,2022-04-24
2910,Nicole Garcia,Blackwellton,2022-10-13
2911,Wendy Smith,North Crystalburgh,2022-12-02
2912,Christopher Taylor,Rachelton,2023-04-27
2913,Terri Martinez,Smithview,2025-02-01
2914,Alexis Gray,Matthewborough,2022-09-20
2915,Kerry Williams,South Joel,2020-06-08
2916,Alyssa Hayes,Lake Teresa,2020-12-14
2917,Virginia Armstrong,North Williamton,2025-03-29
2918,Michele Tucker,Josebury,2021-09-05
2919,Maureen Jackson,Wellston,2022-08-15
2920,Kerry Wilson,West Lucasfurt,2023-04-14
2921,Kara Cuevas,Lake Brittany,2022-03-06
2922,Daniel Reyes,East Marilyn,2023-10-03
2923,James Green,East Julia,2024-06-20
2924,Brandon Anderson,Port Justinmouth,2022-07-07
2925,Michael Oconnor,Alexanderfurt,2022-07-22
2926,Spencer Irwin,East Dustin,2022-03-04
2927,Brandi Jones,Crystaltown,2024-11-16
2928,Bruce Harding,West Wendy,2020-04-14
2929,Angela Lawson,New Richard,2022-09-17
2930,David Mills,New Danaview,2025-02-03
2931,Alicia Cook,Pennyview,2025-03-14
2932,Brian Pruitt,South Samuel,2021-01-10
2933,Mrs. Amanda Hunter PhD,Reidshire,2021-09-04
2934,Johnathan Carlson,East Melodyberg,2024-11-19
2935,Jeffery Medina,Lake Jeffery,2021-10-13
2936,Robin Garrison,Hernandezfort,2023-09-20
2937,Samantha Green,New Elizabeth,2022-11-26
2938,Donald Oneill,Johnmouth,2023-11-25
2939,Gary Bowen,Lake Stephanieland,2020-09-09
2940,Kimberly Cooper,Jennifertown,2021-12-19
2941,Michael Martinez,West Sydney,2020-12-23
2942,Victoria Grant,North Davidland,2020-12-24
2943,Joseph Simmons,Leeton,2022-07-31
2944,Jeremy Coleman,Hugheshaven,2024-06-28
2945,Dr. Ashley Irwin,Ingramtown,2021-05-08
2946,David Robinson,Davidtown,2021-05-13
2947,Tanya Estes,Michaeltown,2023-08-20
2948,Michael Nelson,North Sara,2023-03-28
2949,Travis Lloyd,Denisehaven,2022-02-28
2950,Ryan Clark,Amberberg,2022-03-21
2951,David Smith,South Christine,2023-06-11
2952,April Faulkner,North Nataliefort,2022-11-22
2953,Jackson Jordan,Reyeshaven,2022-03-14
2954,Kyle Bridges,East Johnville,2021-06-29
2955,Crystal Rubio,Port Ericchester,2021-12-19
2956,Hannah Young,Erikshire,2021-11-11
2957,Natasha Cox,Lake Sarah,2024-08-30
2958,Jean Grant,Port Jeanettemouth,2022-10-04
2959,Jessica Thomas,Monroeburgh,2020-08-29
2960,Kathleen Phillips,New Tracyland,2025-03-25
2961,Samantha James,Lake Daniel,2022-07-15
2962,Holly Wagner,West Dianaville,2024-05-24
2963,Christina Richardson,New Karentown,2022-02-21
2964,Rebecca Marquez,Carloston,2020-12-19
2965,Kathryn Wyatt,Phillipsbury,2024-07-30
2966,Kelly Kaiser,Port Anthonyton,2023-02-10
2967,Jennifer Beck,Johnsonhaven,2022-05-07
2968,Kim Harris,West Staceyberg,2021-08-02
2969,Michael Miller,Ruthberg,2023-04-24
2970,Martha Berry,Port Katieport,2022-09-30
2971,Brian Bridges,Ramirezmouth,2024-10-26
2972,Michael Collins,Erikstad,2021-06-01
2973,Christopher Glass,Michaelport,2024-12-27
2974,Holly Lee,Cameronberg,2022-08-08
2975,Cheryl Wilson,East Donald,2021-12-01
2976,Ashley Perez,Mirandaberg,2021-12-15
2977,Michael Smith,East Christian,2023-11-09
2978,Travis Roberts,New Williambury,2023-11-03
2979,David Simon,Davidfurt,2023-01-30
2980,Lawrence Clark MD,Port Daniel,2023-09-10
2981,Patricia Warren,Port Amyberg,2025-02-01
2982,Scott Smith,Matthewbury,2023-06-05
2983,Michelle Jackson,Phamton,2023-10-24
2984,Madison Savage,Port Samantha,2023-06-02
2985,Daniel Chavez,Frankview,2023-02-21
2986,Gabriel Wright,Lake Kelly,2023-11-29
2987,Karen Rivera,Pedroton,2022-10-13
2988,Jill White,Nathanielshire,2020-12-13
2989,Megan Smith,Mitchellchester,2023-07-06
2990,Justin Flores,East Jeffreybury,2023-08-09
2991,Laura Cunningham,Bethfort,2024-05-10
2992,Elizabeth Strickland,New Christopher,2021-08-29
2993,Lauren Carr,Lake Tyronehaven,2020-11-22
2994,Edward Figueroa,East Christopher,2022-08-05
2995,Lisa Massey,Jessicaland,2022-09-21
2996,Christopher Norman,Josephborough,2021-09-18
2997,Lisa Long,South Jaredmouth,2023-05-16
2998,Andrea Thompson,Alvarezshire,2023-07-24
2999,Michael Murphy MD,West Kennethchester,2023-10-18
